"sample","latitude","longitude","status","zone"
"1",-33.36345,115.21415,"Fished","Special Purpose"
"2",-33.4405333,115.10095,"Fished","Special Purpose"
"3",-33.4920833,115.3549,"Fished","Multiple Use"
"4",-33.3921,115.2280833,"Fished","Special Purpose"
"5",-33.3627833,115.45495,"Fished","Special Purpose"
"6",-33.4070833,115.1204167,"Fished","Special Purpose"
"7",-33.4204833,115.4457,"Fished","Special Purpose"
"9",-33.3643333,115.1361167,"Fished","Special Purpose"
"10",-33.5281667,115.3313333,"Fished","Multiple Use"
"11",-33.5712167,115.2958167,"Fished","Multiple Use"
"12",-33.40395,115.2615667,"Fished","Special Purpose"
"13",-33.4501833,115.0925167,"Fished","Special Purpose"
"14",-33.5296667,115.4130333,"Fished","Multiple Use"
"15",-33.5782333,115.2147833,"Fished","Habitat Protection"
"16",-33.3889,115.4986167,"Fished","Special Purpose"
"17",-33.3635833,115.23265,"Fished","Special Purpose"
"18",-33.3926,115.0981333,"Fished","Special Purpose"
"19",-33.4605,115.3618,"Fished","Special Purpose"
"20",-33.4338667,115.2221167,"Fished","Special Purpose"
"21",-33.3857167,115.39765,"Fished","Special Purpose"
"22",-33.57455,115.1806667,"Fished","Multiple Use"
"23",-33.5041833,115.4289333,"Fished","Multiple Use"
"24",-33.47115,115.2861667,"Fished","Special Purpose"
"25",-33.3833333,115.0827833,"Fished","Special Purpose"
"26",-33.5500333,115.3236167,"Fished","Multiple Use"
"27",-33.5463667,115.1883833,"Fished","Multiple Use"
"28",-33.42715,115.2872833,"Fished","Special Purpose"
"29",-33.4869667,115.1764,"Fished","Multiple Use"
"30",-33.42405,115.33405,"Fished","Special Purpose"
"31",-33.5986333,115.2369167,"Fished","Multiple Use"
"32",-33.4807833,115.46205,"Fished","Special Purpose"
"33",-33.3527667,115.3204833,"Fished","Special Purpose"
"34",-33.3845167,115.0739,"Fished","Special Purpose"
"35",-33.4055,115.4157167,"Fished","Special Purpose"
"36",-33.4269,115.20765,"Fished","Special Purpose"
"37",-33.3585,115.3721,"Fished","Special Purpose"
"38",-33.5036833,115.1274333,"Fished","Multiple Use"
"39",-33.465,115.43285,"Fished","Special Purpose"
"40",-33.4719667,115.2287167,"Fished","Special Purpose"
"41",-33.36785,115.0985833,"Fished","Special Purpose"
"42",-33.5425167,115.3862333,"No-take","National Park (no-take)"
"44",-33.3984333,115.30965,"Fished","Special Purpose"
"45",-33.4445667,115.13165,"Fished","Special Purpose"
"46",-33.4028,115.3493,"Fished","Special Purpose"
"47",-33.5485,115.2877667,"Fished","Multiple Use"
"48",-33.40275,115.5133833,"Fished","Special Purpose"
"49",-33.3809167,115.2720667,"Fished","Special Purpose"
"50",-33.4108,115.1742333,"Fished","Special Purpose"
"51",-33.4315667,115.41365,"Fished","Special Purpose"
"52",-33.49265,115.2982,"Fished","Multiple Use"
"53",-33.3582167,115.3565167,"Fished","Special Purpose"
"54",-33.51305,115.1532,"Fished","Multiple Use"
"55",-33.5708667,115.2801167,"Fished","Multiple Use"
"56",-33.4953,115.2224167,"Fished","Multiple Use"
"58",-33.56965,115.3795833,"No-take","National Park (no-take)"
"60",-33.3626167,115.5049333,"Fished","Special Purpose"
"61",-33.4992833,115.1345167,"Fished","Multiple Use"
"62",-33.4505,115.3306833,"Fished","Special Purpose"
"63",-33.50385,115.2562,"Fished","Multiple Use"
"64",-33.4364167,115.50945,"Fished","Special Purpose"
"65",-33.3597167,115.2047667,"Fished","Special Purpose"
"67",-33.4783167,115.0859333,"Fished","Special Purpose"
"68",-33.3881667,115.2426,"Fished","Special Purpose"
"69",-33.3534333,115.4040333,"Fished","Special Purpose"
"70",-33.4158833,115.1513667,"Fished","Special Purpose"
"71",-33.4270833,115.4286667,"Fished","Special Purpose"
"72",-33.4624833,115.32235,"Fished","Special Purpose"
"73",-33.3718,115.1456,"Fished","Special Purpose"
"75",-33.5893333,115.29455,"Fished","Multiple Use"
"76",-33.41295,115.2846833,"Fished","Special Purpose"
"77",-33.45575,115.1029,"Fished","Special Purpose"
"78",-33.5076,115.4437667,"Fished","Multiple Use"
"79",-33.5874,115.2308833,"Fished","Habitat Protection"
"80",-33.3515833,115.5195333,"Fished","Special Purpose"
"81",-33.3788167,115.23045,"Fished","Special Purpose"
"82",-33.3955167,115.1102833,"Fished","Special Purpose"
"83",-33.46935,115.37905,"Fished","Special Purpose"
"84",-33.3964667,115.1924,"Fished","Special Purpose"
"86",-33.5405167,115.1785167,"Fished","Multiple Use"
"87",-33.4896,115.4589333,"Fished","Multiple Use"
"88",-33.5010667,115.2145333,"Fished","Multiple Use"
"89",-33.3828167,115.0563833,"Fished","Special Purpose"
"90",-33.5333167,115.3224833,"Fished","Multiple Use"
"91",-33.5396,115.2060833,"Fished","Habitat Protection"
"92",-33.4175833,115.3149833,"Fished","Special Purpose"
"93",-33.4813167,115.15275,"Fished","Special Purpose"
"95",-33.5175,115.3155333,"Fished","Multiple Use"
"96",-33.4489,115.4808167,"Fished","Special Purpose"
"97",-33.38465,115.2926667,"Fished","Special Purpose"
"98",-33.434,115.1726667,"Fished","Special Purpose"
"99",-33.3953,115.3990167,"Fished","Special Purpose"
"100",-33.4324833,115.21415,"Fished","Special Purpose"
"101",-33.3885833,115.37675,"Fished","Special Purpose"
"102",-33.5185,115.1196,"Fished","Multiple Use"
"103",-33.4581167,115.4547167,"Fished","Special Purpose"
"104",-33.4597333,115.2450667,"Fished","Special Purpose"
"106",-33.57825,115.3451333,"Fished","Multiple Use"
"107",-33.5833333,115.1881167,"Fished","Multiple Use"
"108",-33.4690833,115.1676667,"Fished","Special Purpose"
"110",-33.4022667,115.3556833,"Fished","Special Purpose"
"111",-33.5369,115.3219167,"Fished","Multiple Use"
"112",-33.4052,115.5224,"Fished","Special Purpose"
"113",-33.3658333,115.27785,"Fished","Special Purpose"
"114",-33.3984333,115.1639167,"Fished","Special Purpose"
"115",-33.4446333,115.4064667,"Fished","Special Purpose"
"116",-33.4981667,115.2863667,"Fished","Multiple Use"
"119",-33.4388333,115.5567333,"Fished","Fished"
"122",-33.5375,115.4020833,"Fished","Multiple Use"
"135",-33.50185,115.4207333,"Fished","Multiple Use"
"138",-33.5808333,115.1139333,"Fished","Fished"
"139",-33.60325,115.2736667,"Fished","Multiple Use"
"143",-33.5761667,115.2367,"Fished","Multiple Use"
"144",-33.5342333,115.4323167,"Fished","Fished"
"151",-33.4768,115.4328833,"Fished","Special Purpose"
"154",-33.6033667,115.19675,"Fished","Fished"
"160",-33.6033667,115.2477833,"Fished","Multiple Use"
"167",-33.4627333,115.4805667,"Fished","Special Purpose"
"170",-33.54165,115.3698333,"No-take","National Park (no-take)"
"175",-33.5518167,115.12275,"Fished","Fished"
"176",-33.59,115.1290667,"Fished","Fished"
"183",-33.5687667,115.2488,"Fished","Multiple Use"
"192",-33.4273167,115.5755833,"Fished","Fished"
"196",-33.5098167,115.4045,"Fished","Multiple Use"
"199",-33.5975167,115.2108833,"Fished","Fished"
"202",-33.5779333,115.4117167,"No-take","Sanctuary"
"207",-33.5738333,115.23165,"Fished","Habitat Protection"
"208",-33.3873,115.5742333,"Fished","Fished"
"215",-33.6065667,115.2241167,"Fished","Fished"
"218",-33.5954833,115.3030667,"Fished","Fished"
"224",-33.4189,115.5035833,"Fished","Special Purpose"
"234",-33.6031667,115.3602167,"Fished","Fished"
"236",-33.4949167,115.4766833,"Fished","Fished"
"240",-33.4387833,115.4684667,"Fished","Special Purpose"
"247",-33.5561,115.1345167,"Fished","Fished"
"250",-33.5628167,115.4223667,"No-take","Sanctuary"
"256",-33.4083167,115.4774833,"Fished","Special Purpose"
"267",-33.5707,115.1362,"Fished","Fished"
"270",-33.52045,115.4206,"Fished","Multiple Use"
"271",-33.5937,115.2133167,"Fished","Habitat Protection"
"272",-33.3815,115.4879333,"Fished","Special Purpose"
"279",-33.5011833,115.4379167,"Fished","Multiple Use"
"282",-33.5571833,115.3322333,"Fished","Multiple Use"
"287",-33.5940333,115.2189,"Fished","Habitat Protection"
"288",-33.4709833,115.4775833,"Fished","Special Purpose"
"295",-33.5555333,115.46605,"Fished","Fished"
"298",-33.5825167,115.1301333,"Fished","Fished"
"304",-33.5958333,115.1453667,"Fished","Fished"
"314",-33.5869,115.1628333,"Fished","Fished"
"316",-33.3839667,115.5281667,"Fished","Special Purpose"
"320",-33.4417833,115.49575,"Fished","Special Purpose"
"327",-33.4892333,115.3942,"Fished","Multiple Use"
"330",-33.5691167,115.104,"No-take","Sanctuary"
"331",-33.6030833,115.2530333,"Fished","Multiple Use"
"335",-33.5771167,115.2266667,"Fished","Habitat Protection"
"346",-33.6092,115.2392833,"Fished","Fished"
"352",-33.4517667,115.4879833,"Fished","Special Purpose"
"362",-33.627,115.2948,"Fished","Fished"
"368",-33.5725167,115.45125,"Fished","Fished"
"375",-33.5902167,115.2205667,"Fished","Habitat Protection"
"378",-33.5555833,115.3912,"No-take","National Park (no-take)"
"384",-33.4274667,115.51415,"Fished","Special Purpose"
"391",-33.50165,115.4101333,"Fished","Multiple Use"
"394",-33.5181,115.3820167,"Fished","Multiple Use"
"395",-33.6072833,115.3444333,"Fished","Fished"
"399",-33.6143333,115.31295,"Fished","Fished"
"400",-33.3575833,115.5516833,"Fished","Special Purpose"
"407",-33.4881667,115.4274667,"Fished","Multiple Use"
"416",-33.6147833,115.2806167,"Fished","Fished"
"428",-33.45045,115.5572167,"Fished","Fished"
"432",-33.4270333,115.4686,"Fished","Special Purpose"
"439",-33.6309333,115.2730667,"Fished","Fished"
"442",-33.5066,115.41935,"Fished","Multiple Use"
"443",-33.5698,115.2024833,"Fished","Habitat Protection"
"448",-33.3965,115.4930667,"Fished","Special Purpose"
"451",-33.41975,115.5529,"Fished","Fished"
"455",-33.5671333,115.1820333,"Fished","Multiple Use"
"458",-33.51505,115.50435,"Fished","Fished"
"463",-33.51505,115.50435,"Fished","Fished"
"474",-33.4681167,115.5436,"Fished","Fished"
"480",-33.3475833,115.5777,"Fished","Fished"
"490",-33.5613,115.3612,"Fished","Multiple Use"
"492",-33.4637833,115.4974833,"Fished","Fished"
"496",-33.4851167,115.4752333,"Fished","Fished"
"499",-33.45165,115.5441167,"Fished","Fished"
"503",-33.5845333,115.3097667,"Fished","Multiple Use"
"506",-33.5173833,115.4165,"Fished","Multiple Use"
"512",-33.5094,115.4873333,"Fished","Fished"
"523",-33.5634333,115.1589167,"Fished","Multiple Use"
"527",-33.5894167,115.2078167,"Fished","Habitat Protection"
"528",-33.48105,115.4971,"Fished","Fished"
"538",-33.5839167,115.3846667,"Fished","Fished"
"543",-33.5950333,115.2434,"Fished","Multiple Use"
"544",-33.4464167,115.43405,"Fished","Special Purpose"
"551",-33.5735167,115.3901333,"No-take","Sanctuary"
"554",-33.55765,115.3835167,"No-take","National Park (no-take)"
"560",-33.4381667,115.5268667,"Fished","Fished"
"567",-33.5866833,115.2760167,"Fished","Multiple Use"
"570",-33.5731333,115.1625333,"Fished","Multiple Use"
"572",-33.3913,115.5492167,"Fished","Fished"
"579",-33.5017167,115.37405,"Fished","Multiple Use"
"583",-33.47835,115.3932,"Fished","Special Purpose"
"586",-33.5309167,115.38595,"No-take","National Park (no-take)"
"587",-33.5934667,115.1873833,"Fished","Fished"
"592",-33.5185,115.4460167,"Fished","Fished"
"599",-33.5021167,115.4508,"Fished","Multiple Use"
"602",-33.6202,115.25615,"Fished","Fished"
"608",-33.4551833,115.4702833,"Fished","Special Purpose"
"611",-33.5421333,115.4590333,"Fished","Fished"
"615",-33.5980667,115.3327667,"Fished","Fished"
"618",-33.5678833,115.3528167,"Fished","Multiple Use"
"623",-33.6129333,115.1556167,"Fished","Fished"
"624",-33.4209667,115.4918833,"Fished","Special Purpose"
"631",-33.5778833,115.2541167,"Fished","Multiple Use"
"633",-33.4711667,115.4535,"Fished","Special Purpose"
"634",-33.5336667,115.4141167,"Fished","Multiple Use"
"635",-33.5809667,115.1995667,"Fished","Multiple Use"
"640",-33.5162,115.4646167,"Fished","Fished"
"647",-33.4926,115.42465,"Fished","Multiple Use"
"650",-33.5131167,115.3715667,"Fished","Multiple Use"
"655",-33.5812,115.2456833,"Fished","Multiple Use"
"656",-33.3713167,115.5503833,"Fished","Special Purpose"
"666",-33.5511167,115.35715,"No-take","National Park (no-take)"
"672",-33.4004333,115.53565,"Fished","Special Purpose"
"679",-33.4721333,115.4152667,"Fished","Special Purpose"
"682",-33.5696167,115.3354167,"Fished","Multiple Use"
"684",-33.5845333,115.1735,"Fished","Multiple Use"
"688",-33.6026333,115.3181333,"Fished","Fished"
"694",-33.5280667,115.34985,"Fished","Multiple Use"
"698",-33.5246167,115.4035333,"Fished","Multiple Use"
"704",-33.48475,115.5324,"Fished","Fished"
"711",-33.36945,115.5666,"Fished","Fished"
"714",-33.5792667,115.1468167,"Fished","Fished"
"719",-33.6009667,115.23245,"Fished","Habitat Protection"
"720",-33.3599,115.58345,"Fished","Fished"
"735",-33.5620333,115.1433167,"Fished","Fished"
"736",-33.3850833,115.5606333,"Fished","Fished"
"746",-33.5794333,115.3570667,"Fished","Multiple Use"
"748",-33.3695667,115.5138333,"Fished","Special Purpose"
"752",-33.3765667,115.5914167,"Fished","Fished"
"755",-33.43385,115.4571167,"Fished","Special Purpose"
"759",-33.5759,115.3173333,"Fished","Multiple Use"
"762",-33.5198667,115.4149,"Fished","Multiple Use"
"764",-33.3744333,115.49605,"Fished","Special Purpose"
"779",-33.5817167,115.2263667,"Fished","Habitat Protection"
"782",-33.5142,115.4368333,"Fished","Multiple Use"
"783",-33.5817167,115.2263667,"Fished","Habitat Protection"
"784",-33.6014333,115.1773667,"Fished","Fished"
"791",-33.4851333,115.4435167,"Fished","Multiple Use"
"794",-33.6248167,115.2039333,"No-take","Sanctuary"
"800",-33.5731667,115.1934833,"Fished","Multiple Use"
"807",-33.494,115.4907,"Fished","Fished"
"810",-33.5513333,115.3766,"No-take","National Park (no-take)"
"816",-33.3996,115.56325,"Fished","Fished"
"823",-33.5857333,115.2872167,"Fished","Multiple Use"
"826",-33.5426833,115.4005833,"No-take","National Park (no-take)"
"828",-33.4174667,115.5295667,"Fished","Fished"
"832",-33.4556167,115.5196833,"Fished","Fished"
"839",-33.4873,115.4085,"Fished","Multiple Use"
"842",-33.5681167,115.11485,"Fished","Fished"
"843",-33.5999833,115.2586,"Fished","Multiple Use"
"848",-33.35185,115.5323,"Fished","Special Purpose"
"855",-33.4901,115.4357667,"Fished","Multiple Use"
"858",-33.5573167,115.3461833,"Fished","Multiple Use"
"864",-33.58325,115.3720667,"Fished","Fished"
"879",-33.6168833,115.1828667,"Fished","Fished"
"880",-33.53655,115.4444,"Fished","Fished"
"1038",-33.5333333,115.4200167,"Fished","Multiple Use"
"1108",-33.5580167,115.41435,"No-take","Sanctuary"
"10000",-33.4135833,115.3645833,"Fished","Special Purpose"
"10001",-33.4217167,115.3722167,"Fished","Special Purpose"
"10002",-33.4234167,115.3889333,"Fished","Special Purpose"
"10003",-33.4213,115.35935,"Fished","Special Purpose"
"10004",-33.4039167,115.3976,"Fished","Special Purpose"
"10005",-33.4777667,115.3694,"Fished","Special Purpose"
"11R1",-33.35885,115.3694,"Fished","Special Purpose"
"11R2",-33.3967333,115.5076167,"Fished","Special Purpose"
"11R3",-33.41215,115.5204667,"Fished","Special Purpose"
"11R4",-33.4197,115.51755,"Fished","Special Purpose"
"12RC1",-33.5932167,115.2132833,"Fished","Habitat Protection"
"12RC2",-33.5916,115.23785,"Fished","Multiple Use"
"12RC3",-33.5914667,115.24145,"Fished","Multiple Use"
"12RC5",-33.5621333,115.3443,"Fished","Multiple Use"
"12RC6",-33.5711,115.3481333,"Fished","Multiple Use"
"12RC7",-33.5118,115.41785,"Fished","Multiple Use"
"12RC8",-33.5148667,115.41815,"Fished","Multiple Use"
"12RC9",-33.5162167,115.4064167,"Fished","Multiple Use"
"13RC1",-33.5059833,115.43075,"Fished","Multiple Use"
"13RC11",-33.3740333,115.36925,"Fished","Special Purpose"
"13RC12",-33.3743667,115.3668167,"Fished","Special Purpose"
"13RC13",-33.3754833,115.3631167,"Fished","Special Purpose"
"13RC15",-33.3768333,115.3559333,"Fished","Special Purpose"
"13RC2",-33.49485,115.45595,"Fished","Multiple Use"
"13RC3",-33.4839333,115.45155,"Fished","Multiple Use"
"13RC4",-33.4993833,115.3964667,"Fished","Multiple Use"
"13RC5",-33.4839333,115.4656167,"Fished","Multiple Use"
"13RC6",-33.3809667,115.3892333,"Fished","Special Purpose"
"13RC7",-33.3774333,115.38605,"Fished","Special Purpose"
"13RC8",-33.3726,115.3791,"Fished","Special Purpose"
"13RC9",-33.3730667,115.3747833,"Fished","Special Purpose"
"GBR1-1",-33.5936167,115.19625,"Fished","Fished"
"GBR1-2",-33.5936,115.1995333,"Fished","Multiple Use"
"GBR1-3",-33.5937833,115.2022833,"Fished","Habitat Protection"
"GBR1-4",-33.59345,115.2055167,"Fished","Habitat Protection"
"GBR2-1",-33.5938333,115.19065,"Fished","Fished"
"GBR2-2",-33.5940167,115.1883833,"Fished","Fished"
"GBR2-3",-33.5940667,115.1864833,"Fished","Fished"
"GBR2-4",-33.59365,115.193,"Fished","Fished"
"GBR3-1",-33.5944667,115.1819333,"Fished","Fished"
"GBR3-2",-33.59365,115.193,"Fished","Fished"
"GBR3-3",-33.59365,115.1839667,"Fished","Fished"
"GBR3-4",-33.5938667,115.1851,"Fished","Fished"
"GBR4-1",-33.5933333,115.2080833,"Fished","Habitat Protection"
"GBR4-2",-33.5928333,115.2102333,"Fished","Habitat Protection"
"GBR5-1",-33.5932167,115.2119333,"Fished","Habitat Protection"
"GBR5-2",-33.5927333,115.2148,"Fished","Habitat Protection"
"GBR5-3",-33.5924167,115.2175167,"Fished","Habitat Protection"
"GBR-BOB",-33.59235,115.2205667,"Fished","Habitat Protection"
"RB1",-33.53455,115.2176667,"Fished","Multiple Use"
"RB2",-33.5085667,115.2254833,"Fished","Multiple Use"
"RC1",-33.4628,115.23995,"Fished","Special Purpose"
"RC2",-33.48635,115.1780333,"Fished","Multiple Use"
"RC3",-33.4704833,115.1684167,"Fished","Special Purpose"
